feature,score,selected
rsi,82.01167254032836,True
macd,8.216744582318361,True
ema,1.7842868134007979,True
bb,1.6540069292831752,False
